INSERT INTO users(username,password,enabled) VALUES ('josito','1234',TRUE);
INSERT INTO users(username,password,enabled) VALUES ('aug','1234',TRUE);
INSERT INTO users(username,password,enabled) VALUES ('dani','1234',TRUE);
INSERT INTO users(username,password,enabled) VALUES ('antonio','1234',TRUE);
INSERT INTO users(username,password,enabled) VALUES ('rodri','1234',TRUE);
INSERT INTO users(username,password,enabled) VALUES ('marcos','1234',TRUE);
-- USUARIOS PILOTO
INSERT INTO users(username,password,enabled) VALUES ('irenebed','ispp1234',TRUE);
INSERT INTO users(username,password,enabled) VALUES ('pablofer','ispp1333',TRUE);
INSERT INTO users(username,password,enabled) VALUES ('rafaelfres','ispp1135',TRUE);
INSERT INTO users(username,password,enabled) VALUES ('carlosgui','ispp2224',TRUE);
INSERT INTO users(username,password,enabled) VALUES ('irenebed2','ispp1234',TRUE);
INSERT INTO users(username,password,enabled) VALUES ('pablofer2','ispp1333',TRUE);
INSERT INTO users(username,password,enabled) VALUES ('rafaelfres2','ispp1135',TRUE);
INSERT INTO users(username,password,enabled) VALUES ('carlosgui2','ispp2224',TRUE);
INSERT INTO users(username,password,enabled) VALUES ('albaalc','q8289k8n',TRUE);
INSERT INTO users(username,password,enabled) VALUES ('juancar','zcpfhjw1',TRUE);
INSERT INTO users(username,password,enabled) VALUES ('joseenr','u9hxj5fh',TRUE);
INSERT INTO users(username,password,enabled) VALUES ('fernandobel','zxqva4em',TRUE);
INSERT INTO users(username,password,enabled) VALUES ('alejandrobon','b4nvx2vf',TRUE);
INSERT INTO users(username,password,enabled) VALUES ('sarael','tqx8pdam',TRUE);
INSERT INTO users(username,password,enabled) VALUES ('javierm','5gh9i83h',TRUE);
INSERT INTO users(username,password,enabled) VALUES ('oscarda','k6rvfuqb',TRUE);
INSERT INTO users(username,password,enabled) VALUES ('clarafer','8w3mqgmk',TRUE);
INSERT INTO users(username,password,enabled) VALUES ('remediosfer','zh5kqir8',TRUE);
INSERT INTO users(username,password,enabled) VALUES ('purisimaga','bzbq97m7',TRUE);
INSERT INTO users(username,password,enabled) VALUES ('davidgil','94b7vnic',TRUE);
INSERT INTO users(username,password,enabled) VALUES ('alejandrogom','tnajymu2',TRUE);
INSERT INTO users(username,password,enabled) VALUES ('adriangon','i7q759qd',TRUE);
INSERT INTO users(username,password,enabled) VALUES ('sobragon','87qcujq3',TRUE);
INSERT INTO users(username,password,enabled) VALUES ('robertoher','pxrup7ph',TRUE);
INSERT INTO users(username,password,enabled) VALUES ('miguelill','8a3amt7q',TRUE);
INSERT INTO users(username,password,enabled) VALUES ('franciscoja','uamwkvk3',TRUE);
INSERT INTO users(username,password,enabled) VALUES ('antoniomar','qbpzizj4',TRUE);
INSERT INTO users(username,password,enabled) VALUES ('albanie','3f3hfu5g',TRUE);
INSERT INTO users(username,password,enabled) VALUES ('erikanie','x2pnmn5i',TRUE);
INSERT INTO users(username,password,enabled) VALUES ('virginianis','i3urx59r',TRUE);
INSERT INTO users(username,password,enabled) VALUES ('juanlu','mg6tufnc',TRUE);
INSERT INTO users(username,password,enabled) VALUES ('elenapaz','amwxtwn5',TRUE);
INSERT INTO users(username,password,enabled) VALUES ('mariapi','kzxm7qjr',TRUE);
INSERT INTO users(username,password,enabled) VALUES ('cristinapol','65c9h2k7',TRUE);
INSERT INTO users(username,password,enabled) VALUES ('ricardojo','kxfqbeu6',TRUE);
INSERT INTO users(username,password,enabled) VALUES ('mariariv','7wbuuvxu',TRUE);
INSERT INTO users(username,password,enabled) VALUES ('elenarod','437vz6d3',TRUE);
INSERT INTO users(username,password,enabled) VALUES ('franciscoroj','7ken8jmq',TRUE);
INSERT INTO users(username,password,enabled) VALUES ('aliciasal','rct5wayy',TRUE);
INSERT INTO users(username,password,enabled) VALUES ('anasal','xryk2jaf',TRUE);
INSERT INTO users(username,password,enabled) VALUES ('albasev','m732vgzj',TRUE);
INSERT INTO users(username,password,enabled) VALUES ('pon','5678',TRUE);
INSERT INTO users(username,password,enabled) VALUES ('josan','5678',TRUE);
INSERT INTO users(username,password,enabled) VALUES ('adri','5678',TRUE);
INSERT INTO users(username,password,enabled) VALUES ('chus','5678',TRUE);
INSERT INTO users(username,password,enabled) VALUES ('pepe','5678',TRUE);
INSERT INTO users(username,password,enabled) VALUES ('manu','5678',TRUE);

INSERT INTO authorities(id,username,authority) VALUES (1,'josito','user');
INSERT INTO authorities(id,username,authority) VALUES (2,'dani','user');
INSERT INTO authorities(id,username,authority) VALUES (3,'marcos','user');
INSERT INTO authorities(id,username,authority) VALUES (4,'aug','owner');
INSERT INTO authorities(id,username,authority) VALUES (5,'rodri','owner');
INSERT INTO authorities(id,username,authority) VALUES (6,'antonio','owner');
-- USUARIOS PILOTO
INSERT INTO authorities(id,username,authority) VALUES (7,'irenebed','owner');
INSERT INTO authorities(id,username,authority) VALUES (8,'pablofer','owner');
INSERT INTO authorities(id,username,authority) VALUES (9,'rafaelfres','owner');
INSERT INTO authorities(id,username,authority) VALUES (10,'carlosgui','owner');
INSERT INTO authorities(id,username,authority) VALUES (11,'irenebed2','user');
INSERT INTO authorities(id,username,authority) VALUES (12,'pablofer2','user');
INSERT INTO authorities(id,username,authority) VALUES (13,'rafaelfres2','user');
INSERT INTO authorities(id,username,authority) VALUES (14,'carlosgui2','user');
INSERT INTO authorities(id,username,authority) VALUES (15,'albaalc','user');
INSERT INTO authorities(id,username,authority) VALUES (16,'juancar','user');
INSERT INTO authorities(id,username,authority) VALUES (17,'joseenr','user');
INSERT INTO authorities(id,username,authority) VALUES (18,'fernandobel','user');
INSERT INTO authorities(id,username,authority) VALUES (19,'alejandrobon','user');
INSERT INTO authorities(id,username,authority) VALUES (20,'sarael','user');
INSERT INTO authorities(id,username,authority) VALUES (21,'javierm','user');
INSERT INTO authorities(id,username,authority) VALUES (22,'oscarda','owner');
INSERT INTO authorities(id,username,authority) VALUES (23,'clarafer','user');
INSERT INTO authorities(id,username,authority) VALUES (24,'remediosfer','owner');
INSERT INTO authorities(id,username,authority) VALUES (25,'purisimaga','owner');
INSERT INTO authorities(id,username,authority) VALUES (26,'davidgil','user');
INSERT INTO authorities(id,username,authority) VALUES (27,'alejandrogom','user');
INSERT INTO authorities(id,username,authority) VALUES (28,'adriangon','user');
INSERT INTO authorities(id,username,authority) VALUES (29,'sobragon','owner');
INSERT INTO authorities(id,username,authority) VALUES (30,'robertoher','user');
INSERT INTO authorities(id,username,authority) VALUES (31,'miguelill','user');
INSERT INTO authorities(id,username,authority) VALUES (32,'franciscoja','user');
INSERT INTO authorities(id,username,authority) VALUES (33,'antoniomar','user');
INSERT INTO authorities(id,username,authority) VALUES (34,'albanie','user');
INSERT INTO authorities(id,username,authority) VALUES (35,'erikanie','user');
INSERT INTO authorities(id,username,authority) VALUES (36,'virginianis','user');
INSERT INTO authorities(id,username,authority) VALUES (37,'juanlu','user');
INSERT INTO authorities(id,username,authority) VALUES (38,'elenapaz','user');
INSERT INTO authorities(id,username,authority) VALUES (39,'mariapi','user');
INSERT INTO authorities(id,username,authority) VALUES (40,'cristinapol','owner');
INSERT INTO authorities(id,username,authority) VALUES (41,'ricardojo','owner');
INSERT INTO authorities(id,username,authority) VALUES (42,'mariariv','user');
INSERT INTO authorities(id,username,authority) VALUES (43,'elenarod','user');
INSERT INTO authorities(id,username,authority) VALUES (44,'franciscoroj','user');
INSERT INTO authorities(id,username,authority) VALUES (45,'aliciasal','owner');
INSERT INTO authorities(id,username,authority) VALUES (46,'anasal','owner');
INSERT INTO authorities(id,username,authority) VALUES (47,'albasev','owner');
INSERT INTO authorities(id,username,authority) VALUES (48,'pon','user');
INSERT INTO authorities(id,username,authority) VALUES (49,'josan','owner');
INSERT INTO authorities(id,username,authority) VALUES (50,'adri','owner');
INSERT INTO authorities(id,username,authority) VALUES (51,'chus','owner');
INSERT INTO authorities(id,username,authority) VALUES (52,'pepe','user');
INSERT INTO authorities(id,username,authority) VALUES (53,'manu','user');

INSERT INTO consumers(id, name, lastname, dni, email, username)
VALUES (1,'José','García','23487343A', 'josito@gmail.com', 'josito');
INSERT INTO consumers(id, name, lastname, dni, email, username)
VALUES (2,'Daniel','San José','34542321D', 'daniel@gmail.com', 'dani');
INSERT INTO consumers(id, name, lastname, dni, email, username)
VALUES (3,'Marcos','García','76865443F', 'marquitos@gmail.com', 'marcos');
INSERT INTO consumers(id, name, lastname, dni, email, username)
VALUES (4,'José','Rodríguez','34874846S', 'pepero@gmail.com', 'pon');
INSERT INTO consumers(id, name, lastname, dni, email, username)
VALUES (5,'José','González','78336089K', 'joselito@gmail.com', 'pepe');
INSERT INTO consumers(id, name, lastname, dni, email, username)
VALUES (6,'Manuel','Pérez','63479381W', 'manolito@gmail.com', 'manu');

INSERT INTO suppliers(id, name, lastname, dni, email, username, subscription)
VALUES (1,'Augusto','García','00000000A', 'augusto@gmail.com', 'aug','PREMIUM');
INSERT INTO suppliers(id, name, lastname, dni, email, username, subscription)
VALUES (2,'Rodrigo','García','45600000A', 'rodrigo@gmail.com', 'rodri', 'FREE');
INSERT INTO suppliers(id, name, lastname, dni, email, username, subscription)
VALUES (3,'Antonio','García','00032400H', 'antonio@gmail.com', 'antonio', 'PREMIUM');
INSERT INTO suppliers(id, name, lastname, dni, email, username, subscription)
VALUES (4,'José Antonio','Guerrero','83435409B', 'josan@gmail.com', 'josan','PREMIUM');
INSERT INTO suppliers(id, name, lastname, dni, email, username, subscription)
VALUES (5,'Adrián','Fernández','21986318C', 'adri@gmail.com', 'adri', 'FREE');
INSERT INTO suppliers(id, name, lastname, dni, email, username, subscription)
VALUES (6,'María Jesús','García','69566679M', 'mariajesus@gmail.com', 'chus', 'FREE');

INSERT INTO options(id, automated_Accept, gas, default_Deposit, deposit_Time_Limit)
VALUES (1,true,3,0.3,5);
INSERT INTO options(id, automated_Accept, gas, default_Deposit, deposit_Time_Limit)
VALUES (2,true,3,0.3,5);
INSERT INTO options(id, automated_Accept, gas, default_Deposit, deposit_Time_Limit)
VALUES (3,false,3,0.3,5);
INSERT INTO options(id, automated_Accept, gas, default_Deposit, deposit_Time_Limit)
VALUES (4,false,3,0.3,5);
INSERT INTO options(id, automated_Accept, gas, default_Deposit, deposit_Time_Limit)
VALUES (5,true,3,0.3,5);
INSERT INTO options(id, automated_Accept, gas, default_Deposit, deposit_Time_Limit)
VALUES (6,true,3,0.3,5);
INSERT INTO options(id, automated_Accept, gas, default_Deposit, deposit_Time_Limit)
VALUES (7,true,3,0.3,5);
INSERT INTO options(id, automated_Accept, gas, default_Deposit, deposit_Time_Limit)
VALUES (8,true,3,0.3,5);

INSERT INTO business(id, supplier_id, option_id, name, address, type, automated, openTime, closeTime)
VALUES (1,1,1,'Pizzería Gus','Calle Manuel Benítez','RESTAURANT',TRUE, '14:00:00', '22:00:00');
INSERT INTO business(id, supplier_id, option_id, name, address, type, automated, openTime, closeTime)
VALUES (2,2,2,'Tattoos Rodri','Avenida Juan Pablo Montoya','GENERAL',TRUE, '10:00:00', '20:00:00');
INSERT INTO business(id, supplier_id, option_id, name, address, type, automated, openTime, closeTime)
VALUES (3,3,3,'Peluquería Antonio','Plaza Vicente Jiménez','HAIRDRESSER',TRUE, '08:30:00', '19:00:00');
INSERT INTO business(id, supplier_id, option_id, name, address, type, automated, openTime, closeTime)
VALUES (4,1,4,'Peluquería Gus','Calle Barcelona','HAIRDRESSER',TRUE, '10:00:00', '18:00:00');
INSERT INTO business(id, supplier_id, option_id, name, address, type, automated, openTime, closeTime)
VALUES (5,4,5,'Cervecería Josan','Avenida Reina Mercedes','RESTAURANT',TRUE, '10:00:00', '23:00:00');
INSERT INTO business(id, supplier_id, option_id, name, address, type, automated, openTime, closeTime)
VALUES (6,4,6,'Restaurante Josan','Calle Florida','RESTAURANT',TRUE, '12:00:00', '22:00:00');
INSERT INTO business(id, supplier_id, option_id, name, address, type, automated, openTime, closeTime)
VALUES (7,5,7,'Centro de Masajes Fernández','Calle Virgen Macarena','GENERAL',TRUE, '09:00:00', '17:00:00');
INSERT INTO business(id, supplier_id, option_id, name, address, type, automated, openTime, closeTime)
VALUES (8,6,8,'Gimnasio Chus','Calle Fernando Torres','GENERAL',TRUE, '08:00:00', '19:30:00');

INSERT INTO servises(id, name, description, price, duration, capacity, deposit, tax, business_id)
VALUES (1,'Comer','Ven a comer al restaurante y disfruta',15,60,5,3,0.2,1);
INSERT INTO servises(id, name, description, price, duration, capacity, deposit, tax, business_id)
VALUES (2,'Beber','Beber con amigos y buenas tapas',9,30,3,3,0.33,1);
INSERT INTO servises(id, name, description, price, duration, capacity, deposit, tax, business_id)
VALUES (3,'Tattoo pequeño','Precio y tiempo de un tattoo pequeño',20,45,1,2,0.10,2);
INSERT INTO servises(id, name, description, price, duration, capacity, deposit, tax, business_id)
VALUES (4,'Consulta de precios','Reunión para preguntar dudas y presentar diseños',2,20,1,0.5,0.25,2);
INSERT INTO servises(id, name, description, price, duration, capacity, deposit, tax, business_id)
VALUES (5,'Corte caballero','Corte de pelo de caballero',6,12,1,1.2,0.2,3);
INSERT INTO servises(id, name, description, price, duration, capacity, deposit, tax, business_id)
VALUES (6,'Corte + barba','Corte de pelo caballero + arreglo de barba',12,20,1,4,0.33,3);
INSERT INTO servises(id, name, description, price, duration, capacity, deposit, tax, business_id)
VALUES (7,'Tattoo grande','Tatuaje mediano/grande',50,90,1,25,0.5,2);
INSERT INTO servises(id, name, description, price, duration, capacity, deposit, tax, business_id)
VALUES (8,'Menú del día','Menú del día de la pizzería',20,60,4,5,0.25,1);
INSERT INTO servises(id, name, description, price, duration, capacity, deposit, tax, business_id)
VALUES (9,'Corte + tinte','Corte de pelo más tinte',15,45,1,3,0.2,4);
INSERT INTO servises(id, name, description, price, duration, capacity, deposit, tax, business_id)
VALUES (10,'Extensiones','Corte de pelo con extensiones',20,45,1,5,0.25,4);
INSERT INTO servises(id, name, description, price, duration, capacity, deposit, tax, business_id)
VALUES (11,'2 Birras Grandes','Cerveza para compartir con amigo',6,30,2,1.2,0.2,5);
INSERT INTO servises(id, name, description, price, duration, capacity, deposit, tax, business_id)
VALUES (12,'Tinto Rojo','Vino tinto de la mejor bodega',20,45,5,5,0.25,5);
INSERT INTO servises(id, name, description, price, duration, capacity, deposit, tax, business_id)
VALUES (13,'Esferificación de Aceituna','Delicioso plato minimalista',25,30,2,5,0.2,6);
INSERT INTO servises(id, name, description, price, duration, capacity, deposit, tax, business_id)
VALUES (14,'Foie de oca','Exquisito manjar francés',15,30,2,3,0.20,6);
INSERT INTO servises(id, name, description, price, duration, capacity, deposit, tax, business_id)
VALUES (15,'Masaje tántrico','Masaje muy relajante',15,45,1,3,0.2,7);
INSERT INTO servises(id, name, description, price, duration, capacity, deposit, tax, business_id)
VALUES (16,'Masaje Tailandés','Masaje Asiático',20,45,1,5,0.25,7);
INSERT INTO servises(id, name, description, price, duration, capacity, deposit, tax, business_id)
VALUES (17,'Clase de Yoga','Clase de Yoga para principiantes',10,30,1,2,0.2,8);
INSERT INTO servises(id, name, description, price, duration, capacity, deposit, tax, business_id)
VALUES (18,'Clase de Spinning','Clase para fortalecer la musculatura',20,45,1,4,0.20,8);

INSERT INTO bookings(id, consumer_id, servise_id, book, emision, status) 
        VALUES (1,1,1,'2022-01-27 21:00:00','2021-01-15 20:00:00','IN_PROGRESS');
INSERT INTO bookings(id, consumer_id, servise_id, book, emision, status) 
        VALUES (2,2,1,'2022-01-25 17:00:00','2021-02-27 17:00:00','IN_PROGRESS');
INSERT INTO bookings(id, consumer_id, servise_id, book, emision, status) 
        VALUES (3,3,1,'2022-01-20 20:00:00','2021-01-17 15:00:00','COMPLETED');
INSERT INTO bookings(id, consumer_id, servise_id, book, emision, status) 
        VALUES (4,1,2,'2022-01-27 20:00:00','2021-01-27 22:00:00','IN_PROGRESS');
INSERT INTO bookings(id, consumer_id, servise_id, book, emision, status) 
        VALUES (5,4,3,'2022-01-20 19:00:00','2021-02-17 12:00:00','COMPLETED');
INSERT INTO bookings(id, consumer_id, servise_id, book, emision, status) 
        VALUES (6,5,4,'2022-01-27 12:00:00','2021-01-10 17:00:00','IN_PROGRESS');   
INSERT INTO bookings(id, consumer_id, servise_id, book, emision, status) 
        VALUES (7,3,5,'2022-01-20 18:00:00','2021-02-17 23:00:00','IN_PROGRESS');
INSERT INTO bookings(id, consumer_id, servise_id, book, emision, status) 
        VALUES (8,1,6,'2022-01-27 12:00:00','2021-02-27 20:00:00','IN_PROGRESS'); 
INSERT INTO bookings(id, consumer_id, servise_id, book, emision, status) 
        VALUES (9,2,9,'2022-01-15 16:00:00','2021-01-11 17:00:00','IN_PROGRESS');
INSERT INTO bookings(id, consumer_id, servise_id, book, emision, status) 
        VALUES (10,5,10,'2022-01-27 12:00:00','2021-01-27 09:00:00','IN_PROGRESS'); 
INSERT INTO bookings(id, consumer_id, servise_id, book, emision, status) 
        VALUES (11,3,11,'2022-01-20 20:00:00','2021-01-17 10:00:00','COMPLETED');
INSERT INTO bookings(id, consumer_id, servise_id, book, emision, status) 
        VALUES (12,1,12,'2022-01-27 22:00:00','2021-01-27 22:00:00','IN_PROGRESS');
INSERT INTO bookings(id, consumer_id, servise_id, book, emision, status) 
        VALUES (13,4,13,'2022-01-20 19:00:00','2021-01-17 22:00:00','COMPLETED');
INSERT INTO bookings(id, consumer_id, servise_id, book, emision, status) 
        VALUES (14,5,14,'2022-01-27 13:00:00','2021-01-27 22:00:00','IN_PROGRESS');   
INSERT INTO bookings(id, consumer_id, servise_id, book, emision, status) 
        VALUES (15,3,15,'2022-01-20 15:00:00','2021-01-17 22:00:00','IN_PROGRESS');
INSERT INTO bookings(id, consumer_id, servise_id, book, emision, status) 
        VALUES (16,1,16,'2022-01-27 12:00:00','2021-01-27 22:00:00','IN_PROGRESS'); 
INSERT INTO bookings(id, consumer_id, servise_id, book, emision, status) 
        VALUES (17,2,17,'2022-01-15 16:00:00','2021-01-17 22:00:00','IN_PROGRESS');
INSERT INTO bookings(id, consumer_id, servise_id, book, emision, status) 
        VALUES (18,5,18,'2022-01-27 12:00:00','2021-01-27 22:00:00','IN_PROGRESS'); 