INSERT INTO users(username,password,enabled) VALUES ('josito','1234',TRUE);
INSERT INTO users(username,password,enabled) VALUES ('aug','1234',TRUE);
INSERT INTO users(username,password,enabled) VALUES ('dani','1234',TRUE);
INSERT INTO users(username,password,enabled) VALUES ('antonio','1234',TRUE);
INSERT INTO users(username,password,enabled) VALUES ('rodri','1234',TRUE);
INSERT INTO users(username,password,enabled) VALUES ('marcos','1234',TRUE);
-- USUARIOS PILOTO
INSERT INTO users(username,password,enabled) VALUES ('irenebed','ispp1234',TRUE);
INSERT INTO users(username,password,enabled) VALUES ('pablofer','ispp1333',TRUE);
INSERT INTO users(username,password,enabled) VALUES ('rafaelfres','ispp1135',TRUE);
INSERT INTO users(username,password,enabled) VALUES ('carlosgui','ispp2224',TRUE);
INSERT INTO users(username,password,enabled) VALUES ('irenebed2','ispp1234',TRUE);
INSERT INTO users(username,password,enabled) VALUES ('pablofer2','ispp1333',TRUE);
INSERT INTO users(username,password,enabled) VALUES ('rafaelfres2','ispp1135',TRUE);
INSERT INTO users(username,password,enabled) VALUES ('carlosgui2','ispp2224',TRUE);
INSERT INTO users(username,password,enabled) VALUES ('albaalc','q8289k8n',TRUE);
INSERT INTO users(username,password,enabled) VALUES ('juancar','zcpfhjw1',TRUE);
INSERT INTO users(username,password,enabled) VALUES ('joseenr','u9hxj5fh',TRUE);
INSERT INTO users(username,password,enabled) VALUES ('fernandobel','zxqva4em',TRUE);
INSERT INTO users(username,password,enabled) VALUES ('alejandrobon','b4nvx2vf',TRUE);
INSERT INTO users(username,password,enabled) VALUES ('sarael','tqx8pdam',TRUE);
INSERT INTO users(username,password,enabled) VALUES ('javierm','5gh9i83h',TRUE);
INSERT INTO users(username,password,enabled) VALUES ('oscarda','k6rvfuqb',TRUE);
INSERT INTO users(username,password,enabled) VALUES ('clarafer','8w3mqgmk',TRUE);
INSERT INTO users(username,password,enabled) VALUES ('remediosfer','zh5kqir8',TRUE);
INSERT INTO users(username,password,enabled) VALUES ('purisimaga','bzbq97m7',TRUE);
INSERT INTO users(username,password,enabled) VALUES ('davidgil','94b7vnic',TRUE);
INSERT INTO users(username,password,enabled) VALUES ('alejandrogom','tnajymu2',TRUE);
INSERT INTO users(username,password,enabled) VALUES ('adriangon','i7q759qd',TRUE);
INSERT INTO users(username,password,enabled) VALUES ('sobragon','87qcujq3',TRUE);
INSERT INTO users(username,password,enabled) VALUES ('robertoher','pxrup7ph',TRUE);
INSERT INTO users(username,password,enabled) VALUES ('miguelill','8a3amt7q',TRUE);
INSERT INTO users(username,password,enabled) VALUES ('franciscoja','uamwkvk3',TRUE);
INSERT INTO users(username,password,enabled) VALUES ('antoniomar','qbpzizj4',TRUE);
INSERT INTO users(username,password,enabled) VALUES ('albanie','3f3hfu5g',TRUE);
INSERT INTO users(username,password,enabled) VALUES ('erikanie','x2pnmn5i',TRUE);
INSERT INTO users(username,password,enabled) VALUES ('virginianis','i3urx59r',TRUE);
INSERT INTO users(username,password,enabled) VALUES ('juanlu','mg6tufnc',TRUE);
INSERT INTO users(username,password,enabled) VALUES ('elenapaz','amwxtwn5',TRUE);
INSERT INTO users(username,password,enabled) VALUES ('mariapi','kzxm7qjr',TRUE);
INSERT INTO users(username,password,enabled) VALUES ('cristinapol','65c9h2k7',TRUE);
INSERT INTO users(username,password,enabled) VALUES ('ricardojo','kxfqbeu6',TRUE);
INSERT INTO users(username,password,enabled) VALUES ('mariariv','7wbuuvxu',TRUE);
INSERT INTO users(username,password,enabled) VALUES ('elenarod','437vz6d3',TRUE);
INSERT INTO users(username,password,enabled) VALUES ('franciscoroj','7ken8jmq',TRUE);
INSERT INTO users(username,password,enabled) VALUES ('aliciasal','rct5wayy',TRUE);
INSERT INTO users(username,password,enabled) VALUES ('anasal','xryk2jaf',TRUE);
INSERT INTO users(username,password,enabled) VALUES ('albasev','m732vgzj',TRUE);

INSERT INTO authorities(id,username,authority) VALUES (1,'josito','user');
INSERT INTO authorities(id,username,authority) VALUES (2,'dani','user');
INSERT INTO authorities(id,username,authority) VALUES (3,'marcos','user');
INSERT INTO authorities(id,username,authority) VALUES (4,'aug','owner');
INSERT INTO authorities(id,username,authority) VALUES (5,'rodri','owner');
INSERT INTO authorities(id,username,authority) VALUES (6,'antonio','owner');
-- USUARIOS PILOTO
INSERT INTO authorities(id,username,authority) VALUES (7,'irenebed','owner');
INSERT INTO authorities(id,username,authority) VALUES (8,'pablofer','owner');
INSERT INTO authorities(id,username,authority) VALUES (9,'rafaelfres','owner');
INSERT INTO authorities(id,username,authority) VALUES (10,'carlosgui','owner');
INSERT INTO authorities(id,username,authority) VALUES (11,'irenebed2','user');
INSERT INTO authorities(id,username,authority) VALUES (12,'pablofer2','user');
INSERT INTO authorities(id,username,authority) VALUES (13,'rafaelfres2','user');
INSERT INTO authorities(id,username,authority) VALUES (14,'carlosgui2','user');
INSERT INTO authorities(id,username,authority) VALUES (15,'albaalc','user');
INSERT INTO authorities(id,username,authority) VALUES (16,'juancar','user');
INSERT INTO authorities(id,username,authority) VALUES (17,'joseenr','user');
INSERT INTO authorities(id,username,authority) VALUES (18,'fernandobel','user');
INSERT INTO authorities(id,username,authority) VALUES (19,'alejandrobon','user');
INSERT INTO authorities(id,username,authority) VALUES (20,'sarael','user');
INSERT INTO authorities(id,username,authority) VALUES (21,'javierm','user');
INSERT INTO authorities(id,username,authority) VALUES (22,'oscarda','owner');
INSERT INTO authorities(id,username,authority) VALUES (23,'clarafer','user');
INSERT INTO authorities(id,username,authority) VALUES (24,'remediosfer','owner');
INSERT INTO authorities(id,username,authority) VALUES (25,'purisimaga','owner');
INSERT INTO authorities(id,username,authority) VALUES (26,'davidgil','user');
INSERT INTO authorities(id,username,authority) VALUES (27,'alejandrogom','user');
INSERT INTO authorities(id,username,authority) VALUES (28,'adriangon','user');
INSERT INTO authorities(id,username,authority) VALUES (29,'sobragon','owner');
INSERT INTO authorities(id,username,authority) VALUES (30,'robertoher','user');
INSERT INTO authorities(id,username,authority) VALUES (31,'miguelill','user');
INSERT INTO authorities(id,username,authority) VALUES (32,'franciscoja','user');
INSERT INTO authorities(id,username,authority) VALUES (33,'antoniomar','user');
INSERT INTO authorities(id,username,authority) VALUES (34,'albanie','user');
INSERT INTO authorities(id,username,authority) VALUES (35,'erikanie','user');
INSERT INTO authorities(id,username,authority) VALUES (36,'virginianis','user');
INSERT INTO authorities(id,username,authority) VALUES (37,'juanlu','user');
INSERT INTO authorities(id,username,authority) VALUES (38,'elenapaz','user');
INSERT INTO authorities(id,username,authority) VALUES (39,'mariapi','user');
INSERT INTO authorities(id,username,authority) VALUES (40,'cristinapol','owner');
INSERT INTO authorities(id,username,authority) VALUES (41,'ricardojo','owner');
INSERT INTO authorities(id,username,authority) VALUES (42,'mariariv','user');
INSERT INTO authorities(id,username,authority) VALUES (43,'elenarod','user');
INSERT INTO authorities(id,username,authority) VALUES (44,'franciscoroj','user');
INSERT INTO authorities(id,username,authority) VALUES (45,'aliciasal','owner');
INSERT INTO authorities(id,username,authority) VALUES (46,'anasal','owner');
INSERT INTO authorities(id,username,authority) VALUES (47,'albasev','owner');

INSERT INTO consumers(id, name, lastname, dni, email, username)
VALUES (1,'Jose','Garcia','23487343A', 'cosas@gmail.com', 'josito');
INSERT INTO consumers(id, name, lastname, dni, email, username)
VALUES (2,'Daniel','San José','34542321D', 'cosas@gmail.com', 'dani');
INSERT INTO consumers(id, name, lastname, dni, email, username)
VALUES (3,'Marcos','Garcia','76865443F', 'cosas@gmail.com', 'marcos');


INSERT INTO suppliers(id, name, lastname, dni, email, username)
VALUES (1,'Augusto','Garcia','00000000A', 'cosas@gmail.com', 'aug');
INSERT INTO suppliers(id, name, lastname, dni, email, username)
VALUES (2,'Rodrigo','Garcia','45600000A', 'cosas@gmail.com', 'rodri');
INSERT INTO suppliers(id, name, lastname, dni, email, username)
VALUES (3,'Antonio','Garcia','00032400H', 'cosas@gmail.com', 'antonio');

INSERT INTO options(id, automated_Accept, gas, default_Deposit, deposit_Time_Limit)
VALUES (1,true,3,0.7,5);
INSERT INTO options(id, automated_Accept, gas, default_Deposit, deposit_Time_Limit)
VALUES (2,true,3,0.7,5);
INSERT INTO options(id, automated_Accept, gas, default_Deposit, deposit_Time_Limit)
VALUES (3,false,3,0.7,5);
INSERT INTO options(id, automated_Accept, gas, default_Deposit, deposit_Time_Limit)
VALUES (4,false,3,0.7,5);

INSERT INTO business(id, supplier_id, option_id, name, address, type, automated)
VALUES (1,1,1,'Pizzeria Gus','address_1','RESTAURANT',TRUE);
INSERT INTO business(id, supplier_id, option_id, name, address, type, automated)
VALUES (2,2,2,'Tattoos Rodri','address_1','GENERAL',TRUE);
INSERT INTO business(id, supplier_id, option_id, name, address, type, automated)
VALUES (3,3,3,'Peluquería Antonio','address_1','HAIRDRESSER',TRUE);
INSERT INTO business(id, supplier_id, option_id, name, address, type, automated)
VALUES (4,2,4,'Peluquería Rodri','address_1','HAIRDRESSER',TRUE);

INSERT INTO servises(id, name, description, price, duration, capacity, deposit, tax, business_id)
VALUES (1,'Comer','Ven a comer al restaurante y disfruta',20.3,2,2,40.7,0.05,1);
INSERT INTO servises(id, name, description, price, duration, capacity, deposit, tax, business_id)
VALUES (2,'Beber','Beber con amigos y buenas tapas',20.3,2,2,40.7,0.05,1);
INSERT INTO servises(id, name, description, price, duration, capacity, deposit, tax, business_id)
VALUES (3,'Tattoo pequeño','Precio y tiempo de un tattoo pequeño',20.3,2,2,40.7,0.05,2);
INSERT INTO servises(id, name, description, price, duration, capacity, deposit, tax, business_id)
VALUES (4,'Consulta de precios','Reunión para preguntar dudas y presentar diseños',20.3,2,2,40.7,0.05,2);
INSERT INTO servises(id, name, description, price, duration, capacity, deposit, tax, business_id)
VALUES (5,'corte caballero','Corte de pelo de caballero',20.3,2,2,40.7,0.05,3);
INSERT INTO servises(id, name, description, price, duration, capacity, deposit, tax, business_id)
VALUES (6,'Corte + barba','Corte de pelo caballero + arreglo de barba',20.3,2,2,40.7,0.05,3);
INSERT INTO servises(id, name, description, price, duration, capacity, deposit, tax, business_id)
VALUES (7,'Tattoo grande','Tatuaje mediano/grande',20.3,2,2,40.7,0.05,2);
INSERT INTO servises(id, name, description, price, duration, capacity, deposit, tax, business_id)
VALUES (8,'Menú del día','Menú del día de la pizzería',20.3,2,2,40.7,0.05,1);

INSERT INTO bookings(id, consumer_id, servise_id, book, emision, status) 
        VALUES (1,1,1,'2021-01-27 22:00:00','2022-01-27 22:00:00','IN_PROGRESS');
INSERT INTO bookings(id, consumer_id, servise_id, book, emision, status) 
        VALUES (2,2,1,'2021-01-27 22:00:00','2022-01-27 22:00:00','IN_PROGRESS');
INSERT INTO bookings(id, consumer_id, servise_id, book, emision, status) 
        VALUES (3,3,1,'2021-01-27 22:00:00','2022-01-27 22:00:00','COMPLETED');
INSERT INTO bookings(id, consumer_id, servise_id, book, emision, status) 
        VALUES (4,1,2,'2021-01-27 22:00:00','2022-01-27 22:00:00','IN_PROGRESS');
